Kd,SSA,C%,H/C,O/C,E,S,A,B,V,log(Kd)
24.01433692,0.04,0.683574879,0.147232038,0.157832744,1.73,1.55,0.47,0.45,1.8088,1.380470599
37.98191337,0.04,0.6325811,0.1393534,0.220735786,1.73,1.55,0.47,0.45,1.8088,1.579576839
50.56376848,0.04,0.592296853,0.132170235,0.278086175,1.73,1.55,0.47,0.45,1.8088,1.703839434
103.5822708,0.04,0.444276349,0.094589482,0.578130912,1.73,1.55,0.47,0.45,1.8088,2.015285428
66.8801708,0.04,0.654810932,0.142938822,0.192109777,1.73,1.55,0.47,0.45,1.8088,1.825297374
44.37927664,0.04,0.597328244,0.133120341,0.270500532,1.73,1.55,0.47,0.45,1.8088,1.647180219
86.20492272,0.04,0.457241005,0.098853302,0.544088573,1.73,1.55,0.47,0.45,1.8088,1.935532067
42.1893921,0.04,0.388291247,0.072907553,0.751239428,1.73,1.55,0.47,0.45,1.8088,1.625203268
0.711522347,0.04,0.6325811,0.1393534,0.220735786,0.9,1.37,0.69,0.45,1.1313,-0.147811455
0.836483956,0.04,0.592296853,0.132170235,0.278086175,0.9,1.37,0.69,0.45,1.1313,-0.077542385
1.212304132,0.04,0.444276349,0.094589482,0.578130912,0.9,1.37,0.69,0.45,1.1313,0.083611585
1.127318621,0.04,0.597328244,0.133120341,0.270500532,0.9,1.37,0.69,0.45,1.1313,0.052046681
2.152928691,0.04,0.457241005,0.098853302,0.544088573,0.9,1.37,0.69,0.45,1.1313,0.333029645
2.752363332,0.04,0.388291247,0.072907553,0.751239428,0.9,1.37,0.69,0.45,1.1313,0.439705763
1166.666667,0.029,0.962,0.16,0.038986355,1.93,1.28,0,0.28,1.4544,3.06694679
206.8965517,0.037,0.8847,0.14,0.130378096,1.93,1.28,0,0.28,1.4544,2.315753252
280,0.036,0.866,0.14,0.154798762,1.93,1.28,0,0.28,1.4544,2.447158031
220,0.052,0.912,0.15,0.085543199,1.93,1.28,0,0.28,1.4544,2.342422681
528.5714286,0.056,0.8751,0.14,0.142653352,1.93,1.28,0,0.28,1.4544,2.723103684
633.3333333,0.053,0.87,0.14,0.149476831,1.93,1.28,0,0.28,1.4544,2.801632346
57.1,0.05,0.8571,0.1667,0,2.2,2.34,0.7,2.52,2.3047,1.756636108
51.5,0.0375,0.9231,0.0833,0,2.2,2.34,0.7,2.52,2.3047,1.711807229
41.5,0.06,0.384,0.125,0,2.2,2.34,0.7,2.52,2.3047,1.618048097
55.1,0.05,0.8571,0.1667,0,2.2,2.34,0.7,2.52,2.3047,1.741151599
96.5,0.04,0.6372,0.1528,0.2222,2.2,2.34,0.7,2.52,2.3047,1.984527313
9.71,0.05,0.8571,0.1667,0,1.89,2.5,0.21,1.69,2.1813,0.98721923
9.51,0.0375,0.9231,0.0833,0,1.89,2.5,0.21,1.69,2.1813,0.978180517
8.41,0.06,0.384,0.125,0,1.89,2.5,0.21,1.69,2.1813,0.924795996
8.38,0.05,0.8571,0.1667,0,1.89,2.5,0.21,1.69,2.1813,0.923244019
17.1,0.04,0.6372,0.1528,0.2222,1.89,2.5,0.21,1.69,2.1813,1.23299611
7.85,0.05,0.8571,0.1667,0,2.08,2.55,0.65,1.37,1.7225,0.894869657
7.39,0.0375,0.9231,0.0833,0,2.08,2.55,0.65,1.37,1.7225,0.868644438
6.61,0.06,0.384,0.125,0,2.08,2.55,0.65,1.37,1.7225,0.820201459
6.19,0.05,0.8571,0.1667,0,2.08,2.55,0.65,1.37,1.7225,0.791690649
7.36,0.04,0.6372,0.1528,0.2222,2.08,2.55,0.65,1.37,1.7225,0.866877814
356,0.04,0.6372,0.1528,0.2222,3.5,3.6,1.35,3.29,3.0992,2.551449998
133,3.1,0.849,0.21,0,0.85,1.14,0,0.27,0.8906,2.123851641
265,3.1,0.849,0.21,0,0.87,1.11,0,0.28,1.0315,2.423245874
72,3.1,0.849,0.21,0,1.15,1.6,0,0.47,1.0648,1.857332496
388,3.1,0.849,0.21,0,0.87,1.11,0,0.28,1.0315,2.588831726
223,3.1,0.849,0.21,0,1.15,1.58,0,0.49,1.2057,2.348304863
7711,3.1,0.849,0.21,0,1.18,0.92,0,0,1.206,3.887110703
300,3.1,0.849,0.21,0,1.28,1.63,0,0.42,1.1872,2.477121255
491,3.1,0.849,0.21,0,0.96,0.82,0.54,0.17,1.0199,2.691081492
855,3.1,0.849,0.21,0,1.34,0.92,0,0.2,1.0854,2.931966115
164,3.1,0.849,0.21,0,1.68,1.79,0,1.24,2.1452,2.214843848
55,3.1,0.849,0.21,0,2.21,2.11,0.83,1,1.5757,1.740362689
137,2.3,0.5507,0.2241,0,0.85,1.14,0,0.27,0.8906,2.136720567
296,2.3,0.5507,0.2241,0,0.87,1.11,0,0.28,1.0315,2.471291711
76,2.3,0.5507,0.2241,0,1.15,1.6,0,0.47,1.0648,1.880813592
325,2.3,0.5507,0.2241,0,0.87,1.11,0,0.28,1.0315,2.511883361
49490,2.3,0.5507,0.2241,0,1.18,0.92,0,0,1.206,4.694517454
300,2.3,0.5507,0.2241,0,1.28,1.63,0,0.42,1.1872,2.477121255
414,2.3,0.5507,0.2241,0,0.96,0.82,0.54,0.17,1.0199,2.617000341
2795,2.3,0.5507,0.2241,0,1.34,0.92,0,0.2,1.0854,3.446381812
84,2.3,0.5507,0.2241,0,1.68,1.79,0,1.24,2.1452,1.924279286
46,2.3,0.5507,0.2241,0,2.21,2.11,0.83,1,1.5757,1.662757832
25000,0.04,0.563,0.1627,0.5933,1.93,1.28,0,0.28,1.4544,4.397940009
121000,0.04,0.563,0.1627,0.5933,2.81,1.71,0,0.28,1.5846,5.08278537
714,0.04,0.563,0.1627,0.5933,1.6,1.59,0,0.29,1.2596,2.853698212
507,0.04,0.563,0.1627,0.5933,1.67,1.26,0.2,0.57,1.1852,2.705007959
68.8,0.04,0.563,0.1627,0.5933,1.22,1.29,0.17,1.01,1.6196,1.837588438
31800,0.04,0.622,0.1768,0.4534,1.93,1.28,0,0.28,1.4544,4.50242712
142000,0.04,0.622,0.1768,0.4534,2.81,1.71,0,0.28,1.5846,5.152288344
931,0.04,0.622,0.1768,0.4534,1.6,1.59,0,0.29,1.2596,2.968949681
518,0.04,0.622,0.1768,0.4534,1.67,1.26,0.2,0.57,1.1852,2.71432976
58.1,0.04,0.622,0.1768,0.4534,1.22,1.29,0.17,1.01,1.6196,1.764176132
1500,0.1,0.635,0.1444,0.4126,1.6,1.59,0,0.29,1.2596,3.176091259
1780,0.19,0.9,0.1156,0.0316,2.81,1.71,0,0.28,1.5846,3.250420002
95.3,0.19,0.9,0.1156,0.0316,1.6,1.59,0,0.29,1.2596,1.979092901
29.6,0.19,0.9,0.1156,0.0316,1.67,1.26,0.2,0.57,1.1852,1.471291711
17940,0.065934066,0.857142857,0.166666667,4.17E-07,2.47,1.73,0,0.53,1.6286,4.253822439
46.15384615,0.014094433,0.857142857,0.166666667,4.17E-07,1.42,2.18,0,0.63,2.0844,1.664207898
0.692,0.93,0.923076923,0.083333333,1.04E-07,1.83,1.8,0.34,1.11,2.2519,-0.159893906
9.97,0.864,0.625,0.066666667,0.533333333,0.92,1.08,0.67,0.21,0.8975,0.998695158
4.06,0.864,0.625,0.066666667,0.533333333,1.01,0.8,0.6,0.15,1.1423,0.608526034
30.37987271,0.042,0.384,0.125,4.17E-07,2.01,2.34,0.98,1.23,2.3946,1.48258595
15.56315221,0.042,0.384,0.125,4.17E-07,1.8,1.77,0.86,1.1,2.1988,1.192097565
17.9944175,0.042,0.384,0.125,4.17E-07,2.01,2.34,0.98,1.23,2.3946,1.255137793
90.22038567,0.042,0.384,0.125,4.17E-07,1.8,1.77,0.86,1.1,2.1988,1.955304679
129.0650407,0.042,0.384,0.125,4.17E-07,2.01,2.34,0.98,1.23,2.3946,2.110808623
59.3440302,0.042,0.384,0.125,4.17E-07,2.01,2.34,0.98,1.23,2.3946,1.773377037
39.80329079,0.042,0.384,0.125,4.17E-07,2.01,2.34,0.98,1.23,2.3946,1.599918979
1300,0.102298302,0.857142857,0.166666667,0.02,1.73,1.55,0.47,0.45,1.8088,3.113943352
1600,0.132135307,0.857142857,0.166666667,0.04,1.73,1.55,0.47,0.45,1.8088,3.204119983
4250,0.634249471,0.857142857,0.166666667,0.09,1.73,1.55,0.47,0.45,1.8088,3.62838893
65,0.086,0.857142857,0.166666667,4.17E-07,1.73,1.55,0.47,0.45,1.8088,1.812913357
41,0.086,0.857142857,0.166666667,4.17E-07,0.96,0.82,0.54,0.17,1.0199,1.612783857
23,0.086,0.857142857,0.166666667,4.17E-07,1.06,1.13,0.3,0.31,0.9386,1.361727836
48,0.448,0.384,0.125,4.17E-07,1.06,1.13,0.3,0.31,0.9386,1.681241237
4.305959528,0.2367,0.857142857,0.166666667,4.17E-07,1.8,1.77,0.86,1.1,2.1988,0.634069944
12.80710378,0.7183,0.923076923,0.083333333,0,1.8,1.77,0.86,1.1,2.1988,1.107450929
5.259310844,1.2041,0.857142857,0.166666667,0.05,1.8,1.77,0.86,1.1,2.1988,0.72092884
3.004166024,0.9041,0.384,0.125,0.4,1.8,1.77,0.86,1.1,2.1988,0.47772393
23.57059593,1.7407,0.923076923,0.083333333,0.1,1.8,1.77,0.86,1.1,2.1988,1.372370563
15.85451406,0.079,0.7028,0.111111111,0.42,3.5,3.6,1.35,3.29,3.0992,1.200152935
17.18474277,0.116,1,0.166666667,4.17E-07,3.5,3.6,1.35,3.29,3.0992,1.235143036
22.21604955,0.072,0.8998,0.166666667,0.09,3.5,3.6,1.35,3.29,3.0992,1.346666835
8.197787899,0.046,0.9287,0.125,0.08,3.5,3.6,1.35,3.29,3.0992,0.913696678
13.6466818,0.065,0.8725,0.125,0.014,3.5,3.6,1.35,3.29,3.0992,1.135027065
6916,0.033,0.857142857,0.166666667,4.17E-07,2.38,1.55,0,0.24,1.5846,3.839854985
1421,0.0061,0.857142857,0.166666667,4.17E-07,2.38,1.55,0,0.24,1.5846,3.152594078
830.2,0.033,0.857142857,0.166666667,4.17E-07,2.06,1.29,0,0.26,1.4544,2.919182729
289.9,0.0061,0.857142857,0.166666667,4.17E-07,2.06,1.29,0,0.26,1.4544,2.462248215
550,6.447,0.384,0.125,4.17E-07,1.47,1.46,0.67,0.48,0.8642,2.740362689
23.6,0.621,0.923076923,0.083333333,0.1,1.98,2.5,0.05,2.39,2.2724,1.372912003
5.2,0.265,0.857142857,0.166666667,4.17E-07,1.98,2.5,0.05,2.39,2.2724,0.716003344
3.7,0.0454,0.857142857,0.166666667,4.17E-07,3.5,3.6,1.35,3.0992,,0.568201724
13.7,0.2341,0.857142857,0.166666667,4.17E-07,2.2,2.34,0.7,2.52,2.3047,1.136720567
9000,2.088,0.857142857,0.166666667,4.17E-07,1.03,0.86,0,0,1.0836,3.954242509
23636,2.088,0.857142857,0.166666667,4.17E-07,0.99,1.72,0,0.6,2.2,4.373573981
31765,5.971,0.857142857,0.166666667,4.17E-07,1.33,0.92,0.06,0,1.3284,4.50194886
36000,5.971,0.857142857,0.166666667,4.17E-07,1.49,0.99,0,0,1.4508,4.556302501
43076,5.971,0.857142857,0.166666667,4.17E-07,0.99,1.72,0,0.6,2.2,4.634235368
60,0.68,0.857142857,0.166666667,0.1,1.48,2022,0,0.88,2.2737,1.77815125
94,0.625,0.923076923,0.083333333,0.05,1.48,2022,0,0.88,2.2737,1.973127854
22.94,0.068,0.857142857,0.166666667,0.1,1.48,2022,0,0.88,2.2737,1.360593414
43.6,0.0625,0.923076923,0.083333333,0.05,1.48,2022,0,0.88,2.2737,1.639486489
500,23.024,0.923076923,0.083333333,0.036,1.65,1.63,0,0.62,1.7391,2.698970004
236,2.573,0.923076923,0.083333333,0.036,1.65,1.63,0,0.62,1.7391,2.372912003
194.2,1.792,0.923076923,0.083333333,0.036,1.65,1.63,0,0.62,1.7391,2.288249226
194.3,2.866,0.857142857,0.166666667,4.17E-07,1.65,1.63,0,0.62,1.7391,2.288472801
220,3.333,0.857142857,0.166666667,4.17E-07,1.65,1.63,0,0.62,1.7391,2.342422681
48.3,2.964,0.857142857,0.166666667,0.03,1.22,1.29,0.17,1.011,1.6196,1.683947131
73.5,2.184,0.857142857,0.166666667,0.03,1.22,1.29,0.17,1.011,1.6196,1.866287339
1704,0.006,0.625,0.066666667,0.533333333,1.07,1.72,0.82,0.26,0.9493,3.23146959
1704,0.006,0.625,0.066666667,0.533333333,1.07,1.72,0.82,0.26,0.9493,3.23146959
3714,0.006,0.625,0.066666667,0.77037037,1.07,1.72,0.82,0.26,0.9493,3.569841899
3714,0.006,0.625,0.066666667,0.77037037,1.07,1.72,0.82,0.26,0.9493,3.569841899
38461,1.5,0.857142857,0.166666667,4.17E-07,1.73,1.55,0.47,0.45,1.8088,4.585020572
2511,1,0.384,0.125,4.17E-07,1.73,1.55,0.47,0.45,1.8088,3.399846713
29.64175716,2.272727273,0.857142857,0.166666667,4.17E-07,2.18,1.74,0,0.11,2.0586,1.471903945
22.7810379,2.272727273,0.857142857,0.166666667,4.17E-07,2.18,1.74,0,0.11,2.0586,1.357573507
18.61069269,2.272727273,0.857142857,0.166666667,4.17E-07,2.29,1.87,0,0.09,2.181,1.269762538
65.47857376,0.434782609,0.625,0.066666667,0.533333333,1.76,1.33,0,0.15,1.6914,1.816099211
46.16426188,0.434782609,0.625,0.066666667,0.533333333,2.04,1.61,0,0.13,1.9362,1.664305896
15.66049049,0.434782609,0.625,0.066666667,0.533333333,2.06,1.9,0,0.11,1.9362,1.19480536
4417.758621,0.031712474,0.857142857,0.166666667,4.17E-07,1.8,1.77,0.68,1.1,2.1988,3.645201983
3992.974138,0.021141649,0.857142857,0.166666667,4.17E-07,1.8,1.77,0.68,1.1,2.1988,3.601296497
2665.5125,0.0625,0.923076923,0.083333333,1.04E-07,1.8,1.77,0.68,1.1,2.1988,3.425780724
2470.475,0.03125,0.923076923,0.083333333,1.04E-07,1.8,1.77,0.68,1.1,2.1988,3.392780463
2080.4,0.020833333,0.923076923,0.083333333,1.04E-07,1.8,1.77,0.68,1.1,2.1988,3.318146845
1625.3125,0.0125,0.923076923,0.083333333,1.04E-07,1.8,1.77,0.68,1.1,2.1988,3.210936875
80.2,0.149596091,0.637168142,0.152777778,0.222222222,2.53,3.3,1.15,2.6,2.4399,1.904174368
160.1,0.0532,0.857142857,0.166666667,4.17E-07,3.5,3.6,1.35,3.29,3.0992,2.204391332
162.4,0.0481,0.857142857,0.166666667,0.03,3.5,3.6,1.35,3.29,3.0992,2.210586025
23.4,2.3,0.857142857,0.166666667,4.17E-07,1.54,1.45,0.24,1.44,2.4113,1.369215857
4,2.3,0.857142857,0.166666667,4.17E-07,2.59,2,0,2.3,2.9165,0.602059991
0.7,2.3,0.857142857,0.166666667,4.17E-07,1.25,1.32,0.18,0.98,1.4787,-0.15490196
13.5,2.3,0.857142857,0.166666667,4.17E-07,1.19,1.26,0.14,0.91,1.7605,1.130333768
1.4,2.3,0.857142857,0.166666667,4.17E-07,1.22,1.29,0.17,1.01,1.6196,0.146128036
17.8,2.3,0.857142857,0.166666667,4.17E-07,1.11,1.53,0,1.25,2.2811,1.250420002
25.8,1.96,0.857142857,0.166666667,4.17E-07,1.54,1.45,0.24,1.44,2.4113,1.411619706
10.2,1.96,0.857142857,0.166666667,4.17E-07,2.59,2,0,2.3,2.9165,1.008600172
1.3,1.96,0.857142857,0.166666667,4.17E-07,1.25,1.32,0.18,0.98,1.4787,0.113943352
23.5,1.96,0.857142857,0.166666667,4.17E-07,1.19,1.26,0.14,0.91,1.7605,1.371067862
3.4,1.96,0.857142857,0.166666667,4.17E-07,1.22,1.29,0.17,1.01,1.6196,0.531478917
14.9,1.96,0.857142857,0.166666667,4.17E-07,1.11,1.53,0,1.25,2.2811,1.173186268
40.1,2.08,0.857142857,0.166666667,4.17E-07,1.54,1.45,0.24,1.44,2.4113,1.603144373
7.8,2.08,0.857142857,0.166666667,4.17E-07,2.59,2,0,2.3,2.9165,0.892094603
1,2.08,0.857142857,0.166666667,4.17E-07,1.25,1.32,0.18,0.98,1.4787,0
22,2.08,0.857142857,0.166666667,4.17E-07,1.19,1.26,0.14,0.91,1.7605,1.342422681
2.6,2.08,0.857142857,0.166666667,4.17E-07,1.22,1.29,0.17,1.01,1.6196,0.414973348
27.5,2.08,0.857142857,0.166666667,4.17E-07,1.11,1.53,0,1.25,2.2811,1.439332694
24.7,1.95,0.857142857,0.166666667,4.17E-07,1.54,1.45,0.24,1.44,2.4113,1.392696953
1,1.95,0.857142857,0.166666667,4.17E-07,2.59,2,0,2.3,2.9165,0
0.6,1.95,0.857142857,0.166666667,4.17E-07,1.25,1.32,0.18,0.98,1.4787,-0.22184875
1.5,1.95,0.857142857,0.166666667,4.17E-07,1.22,1.29,0.17,1.01,1.6196,0.176091259
541,0.095389507,0.857142857,0.166666667,0.182598039,2.2,2.34,0.7,2.52,2.3047,2.733197265
670,0.071753169,0.637168142,0.152777778,0.244873469,2.2,2.34,0.7,2.52,2.3047,2.826074803
547,0.077220077,0.923076923,0.083333333,0.263,2.2,2.34,0.7,2.52,2.3047,2.737987326
398.16,0.056470588,0.857142857,0.166666667,0,2.34,1.77,0.46,0.35,1.6654,2.600057628
420.91,0.056470588,0.857142857,0.166666667,0,2.92,1.94,0.46,0.28,2.0154,2.624189244
534.88,0.3,0.637168142,0.152777778,0.222222222,2.08,2.36,0.78,1.24,2.3946,2.728256359
468,0.3,0.637168142,0.152777778,0.222222222,1.97,1.74,1.06,1.63,2.2575,2.670245853
365.6579551,1.22,0.5,0.111111111,1.1479,2.2,2.34,0.7,2.52,2.3047,2.563075026
443.9472445,3.24,0.5,1.111111111,1.5614,2.2,2.34,0.7,2.52,2.3047,2.647331365
99.83361065,1.24,0.384,0.125,0.2396,3.5,3.6,1.35,3.29,3.0992,1.999276778
167.5202732,2.3,0.384,0.125,0.2923,3.5,3.6,1.35,3.29,3.0992,2.224067373
2.382,6,0.708,0.278389831,0.134,2.13,2.53,0.59,1.53,2.0043,0.376941757
29.82,6,0.851,0.167097532,0.008,1.93,1.28,0,0.28,1.4544,1.474507639
31.87,6,0.756,0.248941799,0.074,1.93,1.28,0,0.28,1.4544,1.503382063
33.5,6,0.708,0.278389831,0.134,1.93,1.28,0,0.28,1.4544,1.525044807
23.36,6,0.851,0.167097532,0.008,1.34,0.92,0,0.2,1.0854,1.368472838
39.9,6,0.851,0.167097532,0.008,2.81,1.71,0,0.28,1.5846,1.600972896
44.75,6,0.756,0.248941799,0.074,2.81,1.71,0,0.28,1.5846,1.65079304
41.66666667,0.379,0.9625,0.166666667,0.0313,2.11,2.5,0.68,1.4,1.688,1.619788758
31.25,0.379,0.9625,0.166666667,0.0313,2.1,2.65,0.65,1.42,1.863,1.494850022
166.6666667,0.379,0.9625,0.166666667,0.0313,3.6,3.05,1.65,3.5,3.158,2.22184875
83.33333333,0.379,0.9625,0.166666667,0.0313,1.85,1.91,0.68,1.72,2.073,1.920818754
71.42857143,0.379,0.9625,0.166666667,0.0313,1.31,1.3,0.32,1.52,2.375,1.853871964
13.8,0.428,0.857142857,0.166666667,4.17E-07,1.61,1.56,0.99,0.91,1.8643,1.139879086
8,0.257,0.857142857,0.166666667,4.17E-07,1.61,1.56,0.99,0.91,1.8643,0.903089987
14.8,0.415,0.857142857,0.166666667,4.17E-07,1.61,1.56,0.99,0.91,1.8643,1.170261715
2.2,0.946,0.857142857,0.166666667,4.17E-07,1.61,1.56,0.99,0.91,1.8643,0.342422681
18.8,1.03,0.384,0.125,4.17E-07,1.61,1.56,0.99,0.91,1.8643,1.274157849
76287,0.54,0.637168142,0.152777778,0.222222222,1.61,1.56,0.99,0.91,1.8643,4.882450537
1.3,0.0164,0.6,0.133333333,32,1.61,1.56,0.99,0.91,1.8643,0.113943352
3.5,0.487,0.625,0.066666667,0.533333333,1.61,1.56,0.99,0.91,1.8643,0.544068044
915,0.951,0.591240876,0.111111111,0.49382716,1.61,1.56,0.99,0.91,1.8643,2.961421094
24.83797312,0.095226003,0.857142857,0.166666667,4.17E-07,3.5,3.6,1.35,3.29,3.1,1.395116153
21.40872692,0.092591164,0.857142857,0.166666667,0.2,3.5,3.6,1.35,3.29,3.1,1.330590843
40.24716273,0.080826884,0.558139535,0.125,1,3.5,3.6,1.35,3.29,3.1,1.60473527
33.37811305,0.067600787,0.923076923,0.083333333,0,3.5,3.6,1.35,3.29,3.1,1.523461781
27.14961872,0.104748603,0.857142857,0.166666667,4.17E-07,3.5,3.6,1.35,3.29,3.1,1.433763735
25.73150042,0.10185028,0.857142857,0.166666667,0.2,3.5,3.6,1.35,3.29,3.1,1.410465111
43.7432809,0.088174782,0.558139535,0.125,2,3.5,3.6,1.35,3.29,3.1,1.640911354
39.79936032,0.073746313,0.923076923,0.083333333,0.1,3.5,3.6,1.35,3.29,3.1,1.599876092
27.98588781,0.114271204,0.857142857,0.166666667,0.2,3.5,3.6,1.35,3.29,3.1,1.446939089
29.06279135,0.111109396,0.857142857,0.166666667,0.4,3.5,3.6,1.35,3.29,3.1,1.463337324
3.622,0.227272727,0.857142857,0.166666667,4.17E-07,2,1.45,0.45,1,1.3613,0.558948446
2.638,0.227272727,0.857142857,0.166666667,4.17E-07,0.74,1.17,0.45,1.22,1.4788,0.421274791
512.978,0.227272727,0.857142857,0.166666667,4.17E-07,1.87,1.17,0.18,0.97,1.9948,2.71009874
1350,4.347826087,0.384,0.125,4.17E-07,1.73,1.55,0.47,0.45,1.8088,3.130333768
1050,0.058754407,0.384,0.125,4.17E-07,1.73,1.55,0.47,0.45,1.8088,3.021189299
4.252,0.401,0.857142857,0.166666667,4.17E-07,1.22,1.29,0.17,1.01,1.6196,0.628593256
2.878,0.142,0.857142857,0.166666667,4.17E-07,1.22,1.29,0.17,1.01,1.6196,0.45909079
3.213,0.317,0.857142857,0.166666667,4.17E-07,1.22,1.29,0.17,1.01,1.6196,0.506910726
0.314,0.268,0.384,0.125,4.17E-07,1.22,1.29,0.17,1.01,1.6196,-0.503070352
0.5,0.29,0.384,0.125,4.17E-07,1.22,1.29,0.17,1.01,1.6196,-0.301029996
0.19,0.332,0.384,0.125,4.17E-07,1.22,1.29,0.17,1.01,1.6196,-0.721246399
4800,2.088,0.857142857,0.166666667,4.17E-07,1.34,0.92,0,0.2,1.0854,3.681241237
7701.711491,0.66,0.857142857,0.166666667,4.17E-07,1.34,0.92,0,0.2,1.0854,3.886587246
9933.333333,5.791,0.857142857,0.166666667,4.17E-07,1.34,0.92,0,0.2,1.0854,3.997095009
2553.191489,0.248,0.857142857,0.166666667,4.17E-07,1.34,0.92,0,0.2,1.0854,3.407083388
8134.615385,0.164,0.625,0.066666667,0.533333333,1.34,0.92,0,0.2,1.0854,3.910337024
3130.434783,0.15,0.857142857,0.166666667,2.78E-07,1.34,0.92,0,0.2,1.0854,3.49560466
407.5471698,0.094,0.5,0.111111111,0.888888889,1.34,0.92,0,0.2,1.0854,2.610177882
4048.192771,2.088,0.857142857,0.166666667,4.17E-07,1.5,1.06,0,0.25,1.3565,3.607261185
10729.41176,0.66,0.857142857,0.166666667,4.17E-07,1.5,1.06,0,0.25,1.3565,4.030575912
2074.074074,0.248,0.857142857,0.166666667,4.17E-07,1.5,1.06,0,0.25,1.3565,3.316824263
8520,0.164,0.625,0.066666667,0.533333333,1.5,1.06,0,0.25,1.3565,3.930439595
3816,0.15,0.857142857,0.166666667,2.78E-07,1.5,1.06,0,0.25,1.3565,3.581608366
589.2857143,0.094,0.5,0.111111111,0.888888889,1.5,1.06,0,0.25,1.3565,2.770325913
12480,0.66,0.857142857,0.166666667,4.17E-07,2.38,1.55,0,0.24,1.5846,4.096214585
14563.63636,5.791,0.857142857,0.166666667,4.17E-07,2.38,1.55,0,0.24,1.5846,4.163269826
9066.666667,0.248,0.857142857,0.166666667,4.17E-07,2.38,1.55,0,0.24,1.5846,3.957447649
15333.33333,0.164,0.625,0.066666667,0.533333333,2.38,1.55,0,0.24,1.5846,4.185636577
4857.142857,0.15,0.857142857,0.166666667,2.78E-07,2.38,1.55,0,0.24,1.5846,3.686380877
746.4114833,0.094,0.5,0.111111111,0.888888889,2.38,1.55,0,0.24,1.5846,2.872978312
74000,2.088,0.857142857,0.166666667,4.17E-07,2.81,1.71,0,0.28,1.5846,4.86923172
74400,0.66,0.857142857,0.166666667,4.17E-07,2.81,1.71,0,0.28,1.5846,4.871572936
126000,5.791,0.857142857,0.166666667,4.17E-07,2.81,1.71,0,0.28,1.5846,5.100370545
21360,0.248,0.857142857,0.166666667,4.17E-07,2.81,1.71,0,0.28,1.5846,4.329601248
63488.37209,0.164,0.625,0.066666667,0.533333333,2.81,1.71,0,0.28,1.5846,4.802694191
5800,0.15,0.857142857,0.166666667,2.78E-07,2.81,1.71,0,0.28,1.5846,3.763427994
92.59259259,0.094,0.5,0.111111111,0.888888889,2.81,1.71,0,0.28,1.5846,1.966576245
5629.411765,2.088,0.857142857,0.166666667,4.17E-07,1.34,0.92,0,0.2,1.0854,3.750463016
11259.25926,0.66,0.857142857,0.166666667,4.17E-07,1.34,0.92,0,0.2,1.0854,4.051509819
9933.333333,5.791,0.857142857,0.166666667,4.17E-07,1.34,0.92,0,0.2,1.0854,3.997095009
2482.758621,0.248,0.857142857,0.166666667,4.17E-07,1.34,0.92,0,0.2,1.0854,3.394934499
5062.240664,0.164,0.625,0.066666667,0.533333333,1.34,0.92,0,0.2,1.0854,3.704342788
460.3174603,0.094,0.5,0.111111111,0.888888889,1.34,0.92,0,0.2,1.0854,2.663057448
7095.652174,2.088,0.857142857,0.166666667,4.17E-07,1.5,1.06,0,0.25,1.3565,3.850992318
19384.61538,0.66,0.857142857,0.166666667,4.17E-07,1.5,1.06,0,0.25,1.3565,4.287457188
6806.10687,5.791,0.857142857,0.166666667,4.17E-07,1.5,1.06,0,0.25,1.3565,3.832898764
3833.333333,0.248,0.857142857,0.166666667,4.17E-07,1.5,1.06,0,0.25,1.3565,3.583576586
5276.595745,0.164,0.625,0.066666667,0.533333333,1.5,1.06,0,0.25,1.3565,3.722353823
627.2727273,0.094,0.5,0.111111111,0.888888889,1.5,1.06,0,0.25,1.3565,2.797456406
19384.61538,2.088,0.857142857,0.166666667,4.17E-07,2.38,1.55,0,0.24,1.5846,4.287457188
36216.21622,5.791,0.857142857,0.166666667,4.17E-07,2.38,1.55,0,0.24,1.5846,4.558903074
12142.85714,0.248,0.857142857,0.166666667,4.17E-07,2.38,1.55,0,0.24,1.5846,4.084320886
8223.938224,0.164,0.625,0.066666667,0.533333333,2.38,1.55,0,0.24,1.5846,3.915079839
5345.454545,0.15,0.857142857,0.166666667,2.78E-07,2.38,1.55,0,0.24,1.5846,3.727984641
692.3076923,0.094,0.5,0.111111111,0.888888889,2.38,1.55,0,0.24,1.5846,2.840299157
74000,2.088,0.857142857,0.166666667,4.17E-07,2.81,1.71,0,0.28,1.5846,4.86923172
49636.36364,0.66,0.857142857,0.166666667,4.17E-07,2.81,1.71,0,0.28,1.5846,4.695799958
125333.3333,5.791,0.857142857,0.166666667,4.17E-07,2.81,1.71,0,0.28,1.5846,5.09806659
17032.25806,0.248,0.857142857,0.166666667,4.17E-07,2.81,1.71,0,0.28,1.5846,4.231272229
68250,0.164,0.625,0.066666667,0.533333333,2.81,1.71,0,0.28,1.5846,4.834102656
6176.470588,0.15,0.857142857,0.166666667,2.78E-07,2.81,1.71,0,0.28,1.5846,3.790740378
562.3413252,0.0321,0.637168142,0.152777778,0.222222222,1.59,0.92,0,1.01,2.1503,2.75
457.0881896,0.0321,0.637168142,0.152777778,0.32,1.59,0.92,0,1.01,2.1503,2.66
301.995172,0.022140221,0.637168142,0.152777778,0.222222222,1.59,0.92,0,1.01,2.1503,2.48
380.1893963,0.022140221,0.637168142,0.152777778,0.3222,1.59,0.92,0,1.01,2.1503,2.58
1659.586907,0.068027211,0.608695652,0.071428571,0.571428571,1.59,0.92,0,1.01,2.1503,3.22
2511.886432,0.068027211,0.608695652,0.071428571,0.6714,1.59,0.92,0,1.01,2.1503,3.4
7244.359601,0.098,0.608695652,0.071428571,0.571428571,1.59,0.92,0,1.01,2.1503,3.86
20892.96131,0.098,0.608695652,0.071428571,0.6714,1.59,0.92,0,1.01,2.1503,4.32
1348.962883,0.022140221,0.637168142,0.152777778,0.222222222,2.44,0.95,0.35,1.2,2.0819,3.13
954.992586,0.022140221,0.637168142,0.152777778,0.32,2.44,0.95,0.35,1.2,2.0819,2.98
1412.537545,0.022140221,0.637168142,0.152777778,0.222222222,2.44,0.95,0.35,1.2,2.0819,3.15
1122.018454,0.022140221,0.637168142,0.152777778,0.3222,2.44,0.95,0.35,1.2,2.0819,3.05
5370.317964,0.068027211,0.608695652,0.071428571,0.571428571,2.44,0.95,0.35,1.2,2.0819,3.73
6760.829754,0.068027211,0.608695652,0.071428571,0.6714,2.44,0.95,0.35,1.2,2.0819,3.83
16982.43652,0.098,0.608695652,0.071428571,0.571428571,2.44,0.95,0.35,1.2,2.0819,4.23
524807.4602,0.098,0.608695652,0.071428571,0.6714,2.44,0.95,0.35,1.2,2.0819,5.72
147.9108388,0.022140221,0.637168142,0.152777778,0.222222222,0.97,1.08,0,0.55,2.1734,2.17
380.1893963,0.022140221,0.637168142,0.152777778,0.32,0.97,1.08,0,0.55,2.1734,2.58
95.4992586,0.022140221,0.637168142,0.152777778,0.222222222,0.97,1.08,0,0.55,2.1734,1.98
10.71519305,0.022140221,0.637168142,0.152777778,0.3222,0.97,1.08,0,0.55,2.1734,1.03
1071.519305,0.068027211,0.608695652,0.071428571,0.571428571,0.97,1.08,0,0.55,2.1734,3.03
407.3802778,0.068027211,0.608695652,0.071428571,0.6714,0.97,1.08,0,0.55,2.1734,2.61
457.0881896,0.068027211,0.608695652,0.071428571,0.571428571,0.97,1.08,0,0.55,2.1734,2.66
371.5352291,0.068027211,0.608695652,0.071428571,0.6714,0.97,1.08,0,0.55,2.1734,2.57
199.5262315,0.022140221,0.637168142,0.152777778,0.222222222,1.09,1.15,0,0.63,9.476,2.3
169.8243652,0.022140221,0.637168142,0.152777778,0.32,1.09,1.15,0,0.63,9.476,2.23
53.70317964,0.022140221,0.637168142,0.152777778,0.222222222,1.09,1.15,0,0.63,9.476,1.73
10.23292992,0.022140221,0.637168142,0.152777778,0.3222,1.09,1.15,0,0.63,9.476,1.01
380.1893963,0.068027211,0.608695652,0.071428571,0.571428571,1.09,1.15,0,0.63,9.476,2.58
234.4228815,0.068027211,0.608695652,0.071428571,0.6714,1.09,1.15,0,0.63,9.476,2.37
239.8832919,0.068027211,0.608695652,0.071428571,0.571428571,1.09,1.15,0,0.63,9.476,2.38
186.2087137,0.068027211,0.608695652,0.071428571,0.6714,1.09,1.15,0,0.63,9.476,2.27
79.43282347,0.022140221,0.637168142,0.152777778,0.222222222,1.05,1.06,0,0.68,2.3143,1.9
257.0395783,0.022140221,0.637168142,0.152777778,0.32,1.05,1.06,0,0.68,2.3143,2.41
64.5654229,0.022140221,0.637168142,0.152777778,0.222222222,1.05,1.06,0,0.68,2.3143,1.81
9.77237221,0.022140221,0.637168142,0.152777778,0.3222,1.05,1.06,0,0.68,2.3143,0.99
229.0867653,0.068027211,0.608695652,0.071428571,0.571428571,1.05,1.06,0,0.68,2.3143,2.36
162.1810097,0.068027211,0.608695652,0.071428571,0.6714,1.05,1.06,0,0.68,2.3143,2.21
138.0384265,0.068027211,0.608695652,0.071428571,0.571428571,1.05,1.06,0,0.68,2.3143,2.14
117.4897555,0.068027211,0.608695652,0.071428571,0.6714,1.05,1.06,0,0.68,2.3143,2.07
120.2264435,0.022140221,0.637168142,0.152777778,0.222222222,1.35,1.9,0,0.85,2.2077,2.08
83.17637711,0.022140221,0.637168142,0.152777778,0.32,1.35,1.9,0,0.85,2.2077,1.92
125.8925412,0.022140221,0.637168142,0.152777778,0.222222222,1.35,1.9,0,0.85,2.2077,2.1
9.54992586,0.022140221,0.637168142,0.152777778,0.3222,1.35,1.9,0,0.85,2.2077,0.98
831.7637711,0.068027211,0.608695652,0.071428571,0.571428571,1.35,1.9,0,0.85,2.2077,2.92
741.3102413,0.068027211,0.608695652,0.071428571,0.6714,1.35,1.9,0,0.85,2.2077,2.87
676.0829754,0.068027211,0.608695652,0.071428571,0.571428571,1.35,1.9,0,0.85,2.2077,2.83
645.654229,0.068027211,0.608695652,0.071428571,0.6714,1.35,1.9,0,0.85,2.2077,2.81
11965,0.6,0.923076923,0.083333333,1.04E-07,1.34,0.92,0,0.2,1.0854,4.077912703
6047,0.6,0.923076923,0.083333333,1.04E-07,1.67,1.26,0.2,0.57,1.1852,3.781539969
11640,0.6,0.923076923,0.083333333,1.04E-07,1.34,10.94,0,0.22,1.2263,4.06595298
8394,0.6,0.923076923,0.083333333,1.04E-07,1.46,1.2,0.65,0.49,1.3007,3.923968965
6350,0.6,0.923076923,0.083333333,1.04E-07,1.52,1.05,0.61,0.37,1.1441,3.802773725
9351,0.6,0.72972973,0.074074074,0.296296296,1.34,0.92,0,0.2,1.0854,3.970858057
6321,0.6,0.72972973,0.074074074,0.296296296,1.67,1.26,0.2,0.57,1.1852,3.80078579
9974,0.6,0.72972973,0.074074074,0.296296296,1.34,10.94,0,0.22,1.2263,3.998869364
4536,0.6,0.72972973,0.074074074,0.296296296,1.46,1.2,0.65,0.49,1.3007,3.656673046
4551,0.6,0.72972973,0.074074074,0.296296296,1.52,1.05,0.61,0.37,1.1441,3.658106836
904.3,0.041666667,0.857142857,0.166666667,4.17E-07,1.16,1.11,0,1.14,2.5629,2.956312531
977.5,0.044444444,0.857142857,0.166666667,2.78E-07,1.16,1.11,0,1.14,2.5629,2.990116766
133.65,0.000334448,0.384,0.125,4.17E-07,1.16,1.11,0,1.14,2.5629,2.125968963
4823.529412,6.91,0.857142857,0.166666667,4.17E-07,2.81,1.71,0,0.28,1.5846,3.683364931
1223.880597,2.35,0.923076923,0.083333333,1.04E-07,2.81,1.71,0,0.28,1.5846,3.08773905
763.1578947,1.87,0.384,0.125,4.17E-07,2.81,1.71,0,0.28,1.5846,2.882614401
616,1.0159,0.857142857,0.166666667,4.17E-07,2.75,1.82,0.82,0.36,2.5643,2.789580712
993,0.2218,0.857142857,0.166666667,2.78E-07,2.75,1.82,0.82,0.36,2.5643,2.996949248
2263,1.9241,0.923076923,0.083333333,1.04E-07,2.75,1.82,0.82,0.36,2.5643,3.354684554
5814,2.6334,0.384,0.125,4.17E-07,2.75,1.82,0.82,0.36,2.5643,3.764475027
174,0.418,0.857142857,0.166666667,2.78E-07,1.54,1.45,0.24,1.44,2.4113,2.240549248
11.08,0.0004,0.857142857,0.166666667,4.17E-07,2.32,1.41,0,0.26,2.0829,1.04453976
11.95,0.0004,0.857142857,0.166666667,2.78E-07,2.32,1.41,0,0.26,2.0829,1.077367905
13.67,0.0017,0.637168142,0.152777778,0.222222222,2.32,1.41,0,0.26,2.0829,1.135768515
14.31,0.0054,0.923076923,0.083333333,1.04E-07,2.32,1.41,0,0.26,2.0829,1.155639634
133.9,0.223214286,0.857142857,0.166666667,4.17E-07,2.78,2.8,0.01,2.54,2.5043,2.126780577
120.1,0.130208333,0.857142857,0.166666667,4.17E-07,2.78,2.8,0.01,2.54,2.5043,2.079543007
117.9,0.083333333,0.857142857,0.166666667,4.17E-07,2.78,2.8,0.01,2.54,2.5043,2.071513805
108.9,0.025,0.857142857,0.166666667,4.17E-07,2.78,2.8,0.01,2.54,2.5043,2.03702788
133.5,0.223214286,0.857142857,0.166666667,4.17E-07,2.78,2.8,0.01,2.54,2.5043,2.125481266
121,0.130208333,0.857142857,0.166666667,4.17E-07,2.78,2.8,0.01,2.54,2.5043,2.08278537
108.6,0.025,0.857142857,0.166666667,4.17E-07,2.78,2.8,0.01,2.54,2.5043,2.035829825
700,0.138888889,0.857142857,0.166666667,4.17E-07,1.89,2.23,0.58,1.29,1.7244,2.84509804
3330,0.138888889,0.857142857,0.166666667,4.17E-07,1.83,1.5,0.1,0.82,2.2647,3.522444234
38.7,0.48,0.637168142,0.152777778,0.222222222,2.13,2.53,0.59,1.53,2.0043,1.587710965
23.5,0.231,0.857142857,0.166666667,4.17E-07,2.13,2.53,0.59,1.53,2.0043,1.371067862
15.1,0.314,0.857142857,0.166666667,2.78E-07,2.13,2.53,0.59,1.53,2.0043,1.178976947
21,0.584,0.923076923,0.083333333,1.04E-07,2.13,2.53,0.59,1.53,2.0043,1.322219295
18.6,0.842,0.384,0.125,4.17E-07,2.13,2.53,0.59,1.53,2.0043,1.269512944
8.053784412,35.286,0.923076923,0.083333333,0.08,3.5,3.6,1.35,3.29,3.0992,0.906
9.332543008,36.36,0.923076923,0.083333333,0.11,3.5,3.6,1.35,3.29,3.0992,0.97
12.02264435,41.342,0.923076923,0.083333333,0.14,3.5,3.6,1.35,3.29,3.0992,1.08
13.48962883,49.561,0.923076923,0.083333333,0.17,3.5,3.6,1.35,3.29,3.0992,1.13
916.6666667,2.8191,0.857142857,0.166666667,4.17E-07,1.34,0.92,0,0.2,1.0854,2.962211439
1283.58209,2.8191,0.857142857,0.166666667,4.17E-07,1.34,0.94,0,0.22,1.2263,3.108423649
587.1886121,2.8191,0.857142857,0.166666667,4.17E-07,1.34,0.92,0,0.2,1.0854,2.768777624
756.9892473,2.8191,0.857142857,0.166666667,4.17E-07,1.34,0.94,0,0.22,1.2263,2.879089711
234.8484848,2.8191,0.857142857,0.166666667,4.17E-07,1.52,1.05,0.61,0.37,1.1441,2.370787763
166.6666667,0.401,0.882352941,0.133333333,0.0917,3.6,4.02,2.03,3.28,3.2216,2.22184875
250,3.85,0.882352941,0.133333333,0.1586,2.83,2.74,1.42,2.7,2.5356,2.397940009
86.95652174,0.287,0.857142857,0.166666667,0.0501,3.6,4.02,2.03,3.28,3.2216,1.93930216
142.8571429,1.12,0.857142857,0.166666667,0.0945,2.83,2.74,1.42,2.7,2.5356,2.15490196
284,0.044280443,0.637168142,0.152777778,0.222222222,1.89,2.23,0.58,1.29,1.7244,2.45331834
30,0.05,0.857142857,0.166666667,4.17E-07,1.89,2.23,0.58,1.29,1.7244,1.477121255
22.2,0.034782609,0.625,0.066666667,0.533333333,1.89,2.23,0.58,1.29,1.7244,1.346352974
29.7,0.048,0.923076923,0.083333333,1.04E-07,1.89,2.23,0.58,1.29,1.7244,1.472756449
28.2,0.034782609,0.384,0.125,4.17E-07,1.89,2.23,0.58,1.29,1.7244,1.450249108
30.9,0.053333333,0.857142857,0.166666667,2.78E-07,1.89,2.23,0.58,1.29,1.7244,1.489958479
32.8,0.041666667,0.857142857,0.166666667,4.17E-07,-0.83,0.25,0.31,0.75,1.8763,1.515873844
0.1,0.024,0.923076923,0.083333333,1.04E-07,-0.83,0.25,0.31,0.75,1.8763,-1
100.5,0.018903592,0.384,0.125,4.17E-07,-0.83,0.25,0.31,0.75,1.8763,2.002166062
298.3,0.041666667,0.857142857,0.166666667,4.17E-07,-0.69,-0.13,0.51,0.72,1.9174,2.474653253
84.9,0.024,0.923076923,0.083333333,1.04E-07,-0.69,-0.13,0.51,0.72,1.9174,1.92890769
115.7,0.018903592,0.384,0.125,4.17E-07,-0.69,-0.13,0.51,0.72,1.9174,2.063333359
4.2125,11.42857143,0.9231,0.0833,0.084,2.2,2.34,0.7,2.52,2.3047,0.624539914
6.063492063,11.42857143,0.9231,0.0833,0.084,2.2,2.34,0.7,2.52,2.3047,0.782722813
4.359949303,11.42857143,0.9231,0.0833,0.084,2.2,2.34,0.7,2.52,2.3047,0.639481439
3.481609195,11.42857143,0.9231,0.0833,0.084,2.2,2.34,0.7,2.52,2.3047,0.541780021
7.704918033,28.57142857,0.9231,0.0833,0.084,2.2,2.34,0.7,2.52,2.3047,0.886768023
5495.408739,57.14285714,0.9231,0.0833,0,1.34,0.92,0,0.2,1.0854,3.74
3235.936569,5.714285714,0.9231,0.0833,0,1.34,0.92,0,0.2,1.0854,3.51
457.0881896,2.857142857,0.9231,0.0833,0,1.34,0.92,0,0.2,1.0854,2.66
120226.4435,57.14285714,0.9231,0.0833,0,1.6,1.05,0,0.22,1.2586,5.08
21379.6209,5.714285714,0.9231,0.0833,0,1.6,1.05,0,0.22,1.2586,4.33
5370.317964,2.857142857,0.9231,0.0833,0,1.6,1.05,0,0.22,1.2586,3.73
125892.5412,57.14285714,0.9231,0.0833,0,1.59,1.06,0,0.25,1.3565,5.1
37153.52291,5.714285714,0.9231,0.0833,0,1.59,1.06,0,0.25,1.3565,4.57
8912.509381,2.857142857,0.9231,0.0833,0,1.59,1.06,0,0.25,1.3565,3.95
208929.6131,57.14285714,0.9231,0.0833,0,2.06,1.29,0,0.26,1.4544,5.32
41686.93835,5.714285714,0.9231,0.0833,0,2.06,1.29,0,0.26,1.4544,4.62
10000,2.857142857,0.9231,0.0833,0,2.06,1.29,0,0.26,1.4544,4
331131.1215,57.14285714,0.9231,0.0833,0,2.29,1.34,0,0.28,1.4544,5.52
87096.359,5.714285714,0.9231,0.0833,0,2.29,1.34,0,0.28,1.4544,4.94
21379.6209,2.857142857,0.9231,0.0833,0,2.29,1.34,0,0.28,1.4544,4.33
131825.6739,57.14285714,0.9231,0.0833,0,2.38,1.55,0,0.24,1.5846,5.12
36307.80548,5.714285714,0.9231,0.0833,0,2.38,1.55,0,0.24,1.5846,4.56
10000,2.857142857,0.9231,0.0833,0,2.38,1.55,0,0.24,1.5846,4
83176.37711,57.14285714,0.9231,0.0833,0,2.81,1.71,0,0.28,1.5846,4.92
23442.28815,5.714285714,0.9231,0.0833,0,2.81,1.71,0,0.28,1.5846,4.37
6456.54229,2.857142857,0.9231,0.0833,0,2.81,1.71,0,0.28,1.5846,3.81
616595.0019,57.14285714,0.9231,0.0833,0,1.46,1.12,0,0.24,1.4466,5.79
95499.2586,5.714285714,0.9231,0.0833,0,1.46,1.12,0,0.24,1.4466,4.98
36307.80548,2.857142857,0.9231,0.0833,0,1.46,1.12,0,0.24,1.4466,4.56
2089296.131,57.14285714,0.9231,0.0833,0,1.46,1.15,0,0.23,1.4466,6.32
346736.8505,5.714285714,0.9231,0.0833,0,1.46,1.15,0,0.23,1.4466,5.54
141253.7545,2.857142857,0.9231,0.0833,0,1.46,1.15,0,0.23,1.4466,5.15
1348962.883,57.14285714,0.9231,0.0833,0,1.61,1.3,0,0.2,1.569,6.13
229086.7653,5.714285714,0.9231,0.0833,0,1.61,1.3,0,0.2,1.569,5.36
93325.43008,2.857142857,0.9231,0.0833,0,1.61,1.3,0,0.2,1.569,4.97
3630780.548,57.14285714,0.9231,0.0833,0,1.67,1.23,0,0.19,1.569,6.56
588843.6554,5.714285714,0.9231,0.0833,0,1.67,1.23,0,0.19,1.569,5.77
251188.6432,2.857142857,0.9231,0.0833,0,1.67,1.23,0,0.19,1.569,5.4
416869.3835,57.14285714,0.9231,0.0833,0,1.75,1.36,0,0.17,1.6914,5.62
141253.7545,5.714285714,0.9231,0.0833,0,1.75,1.36,0,0.17,1.6914,5.15
66069.3448,2.857142857,0.9231,0.0833,0,1.75,1.36,0,0.17,1.6914,4.82
891250.9381,57.14285714,0.9231,0.0833,0,1.93,1.39,0,0.15,1.8138,5.95
102329.2992,5.714285714,0.9231,0.0833,0,1.93,1.39,0,0.15,1.8138,5.01
52480.74602,2.857142857,0.9231,0.0833,0,1.93,1.39,0,0.15,1.8138,4.72
1202264.435,57.14285714,0.9231,0.0833,0,1.33,0.92,0.06,0,1.3284,6.08
218776.1624,5.714285714,0.9231,0.0833,0,1.33,0.92,0.06,0,1.3284,5.34
85113.80382,2.857142857,0.9231,0.0833,0,1.33,0.92,0.06,0,1.3284,4.93
630957.3445,57.14285714,0.9231,0.0833,0,1.49,0.99,0,0,1.4508,5.8
138038.4265,5.714285714,0.9231,0.0833,0,1.49,0.99,0,0,1.4508,5.14
61659.50019,2.857142857,0.9231,0.0833,0,1.49,0.99,0,0,1.4508,4.79
5011872.336,57.14285714,0.9231,0.0833,0,2.17,1.83,0,0.1,2.0586,6.7
724435.9601,5.714285714,0.9231,0.0833,0,2.17,1.83,0,0.1,2.0586,5.86
281838.2931,2.857142857,0.9231,0.0833,0,2.17,1.83,0,0.1,2.0586,5.45
218776162.4,57.14285714,0.9231,0.0833,0,2.45,1.85,0,0.08,2.3034,8.34
32359365.69,5.714285714,0.9231,0.0833,0,2.45,1.85,0,0.08,2.3034,7.51
19054607.18,2.857142857,0.9231,0.0833,0,2.45,1.85,0,0.08,2.3034,7.28
23442288.15,57.14285714,0.9231,0.0833,0,2.59,2,0,0.06,2.4258,7.37
3890451.45,5.714285714,0.9231,0.0833,0,2.59,2,0,0.06,2.4258,6.59
2454708.916,2.857142857,0.9231,0.0833,0,2.59,2,0,0.06,2.4258,6.39
1000,71.42857143,0.9231,0.0833,0,2.81,1.71,0,0.28,1.5846,3
1428.571429,71.42857143,0.9231,0.0833,0,2.32,1.41,0,0.26,2.0829,3.15490196
1.25,71.42857143,0.9231,0.0833,0,1.61,1.56,0.99,0.91,1.8643,0.096910013
200,71.42857143,0.9231,0.0833,0,1.56,1.78,1.06,0.66,1.5825,2.301029996
1250,71.42857143,0.9231,0.0833,0,0.77,0.88,0.55,0.36,2.0432,3.096910013
10,833,0.9231,0.0833,0,2.38,1.55,0,0.24,1.5846,1
100,877,0.8571,0.1667,0,2.38,1.55,0,0.24,1.5846,2
1.5,85,0.8571,0.1667,0,2.38,1.55,0,0.24,1.5846,0.176091259
5,833,0.9231,0.0833,0,2.06,1.29,0,0.26,1.4544,0.698970004
6.666666667,877,0.8571,0.1667,0,2.06,1.29,0,0.26,1.4544,0.823908741
1.25,85,0.8571,0.1667,0,2.06,1.29,0,0.26,1.4544,0.096910013
3.142857143,85.63,0.9231,0.0833,0,1.98,2.5,0.05,2.39,2.2724,0.497324641
5.977011494,19.48,0.9231,0.0833,0.044,1.98,2.5,0.05,2.39,2.2724,0.776484091
2.222222222,85.63,0.9231,0.0833,0,2.39,2.76,0.46,2.28,2.5043,0.346787486
4.019607843,19.48,0.9231,0.0833,0.044,2.39,2.76,0.46,2.28,2.5043,0.604183685
0.081818182,0.077220077,0.9231,0.0833,0,2.2,2.34,0.7,2.52,2.3047,-1.087150175
0.086666667,4.285714286,0.384,0.125,0,2.2,2.34,0.7,2.52,2.3047,-1.062147905
0.118181818,0.057915058,0.384,0.125,0,2.2,2.34,0.7,2.52,2.3047,-0.927449334
0.071428571,142.8571429,0.9809,0.083333333,0.019471914,2.2,2.34,0.7,2.52,2.3047,-1.146128038
133.3333333,7.419,0.958,0.083333333,0.044,2.81,1.71,0,0.28,1.5846,2.124938736
11.11111111,7.419,0.958,0.083333333,0.044,0.77,0.88,0.55,0.36,2.0432,1.045757491
8.75,0.84,0.923076923,0.085,0.044,2.81,1.71,0,0.28,1.5846,0.942008053
35,2.82,0.384,0.113,0.062,2.81,1.71,0,0.28,1.5846,1.544068044
23.33333333,1.08,0.625,0.069,0.283,2.81,1.71,0,0.28,1.5846,1.367976785
16.66666667,0.65,0.857142857,0.14,0.036,2.81,1.71,0,0.28,1.5846,1.22184875
80,0.31,0.591240876,0.126,0.37,2.81,1.71,0,0.28,1.5846,1.903089987
42.5,0.98,0.857142857,0.152,0.01,2.81,1.71,0,0.28,1.5846,1.62838893
2.25,0.84,0.923076923,0.085,0.044,0.77,0.88,0.55,0.36,2.0432,0.352182518
3.333333333,2.82,0.384,0.113,0.062,0.77,0.88,0.55,0.36,2.0432,0.522878745
3.333333333,1.08,0.625,0.069,0.283,0.77,0.88,0.55,0.36,2.0432,0.522878745
2.5,0.65,0.857142857,0.14,0.036,0.77,0.88,0.55,0.36,2.0432,0.397940009
30,0.31,0.591240876,0.126,0.37,0.77,0.88,0.55,0.36,2.0432,1.477121255
2.25,0.98,0.857142857,0.152,0.01,0.77,0.88,0.55,0.36,2.0432,0.352182518
